"team","metric.type","forecast.week","season","metric","location","data.type","prediction.target"
"glmnew","LS",0,"2005/2006",-5.85983610462955,"iquitos","train","peakweek"
"glmnew","LS",0,"2005/2006",-6.91869521902047,"iquitos","train","peakinc"
"glmnew","LS",0,"2005/2006",-6.91869521902047,"iquitos","train","seasoninc"
"glmnew","AE",0,"2005/2006",10,"iquitos","train","peakweek"
"glmnew","AE",0,"2005/2006",221,"iquitos","train","peakinc"
"glmnew","AE",0,"2005/2006",3063,"iquitos","train","seasoninc"
"glmnew","LS",4,"2005/2006",-5.1666889240696,"iquitos","train","peakweek"
"glmnew","LS",4,"2005/2006",-6.91869521902047,"iquitos","train","peakinc"
"glmnew","LS",4,"2005/2006",-6.91869521902047,"iquitos","train","seasoninc"
"glmnew","AE",4,"2005/2006",7,"iquitos","train","peakweek"
"glmnew","AE",4,"2005/2006",172,"iquitos","train","peakinc"
"glmnew","AE",4,"2005/2006",2320,"iquitos","train","seasoninc"
"glmnew","LS",8,"2005/2006",-5.57215403217776,"iquitos","train","peakweek"
"glmnew","LS",8,"2005/2006",-6.91869521902047,"iquitos","train","peakinc"
"glmnew","LS",8,"2005/2006",-6.91869521902047,"iquitos","train","seasoninc"
"glmnew","AE",8,"2005/2006",7,"iquitos","train","peakweek"
"glmnew","AE",8,"2005/2006",159,"iquitos","train","peakinc"
"glmnew","AE",8,"2005/2006",1990,"iquitos","train","seasoninc"
"glmnew","LS",12,"2005/2006",-4.81838222980138,"iquitos","train","peakweek"
"glmnew","LS",12,"2005/2006",-6.91869521902047,"iquitos","train","peakinc"
"glmnew","LS",12,"2005/2006",-6.91869521902047,"iquitos","train","seasoninc"
"glmnew","AE",12,"2005/2006",12,"iquitos","train","peakweek"
"glmnew","AE",12,"2005/2006",140.5,"iquitos","train","peakinc"
"glmnew","AE",12,"2005/2006",1400,"iquitos","train","seasoninc"
"glmnew","LS",16,"2005/2006",-5.57215403217776,"iquitos","train","peakweek"
"glmnew","LS",16,"2005/2006",-4.97278506996516,"iquitos","train","peakinc"
"glmnew","LS",16,"2005/2006",-6.22554803846053,"iquitos","train","seasoninc"
"glmnew","AE",16,"2005/2006",6,"iquitos","train","peakweek"
"glmnew","AE",16,"2005/2006",72,"iquitos","train","peakinc"
"glmnew","AE",16,"2005/2006",572.5,"iquitos","train","seasoninc"
"glmnew","LS",20,"2005/2006",-3.71976994113327,"iquitos","train","peakweek"
"glmnew","LS",20,"2005/2006",-6.91869521902047,"iquitos","train","peakinc"
"glmnew","LS",20,"2005/2006",-6.91869521902047,"iquitos","train","seasoninc"
"glmnew","AE",20,"2005/2006",11,"iquitos","train","peakweek"
"glmnew","AE",20,"2005/2006",75,"iquitos","train","peakinc"
"glmnew","AE",20,"2005/2006",822.5,"iquitos","train","seasoninc"
"glmnew","LS",24,"2005/2006",-4.47354174350965,"iquitos","train","peakweek"
"glmnew","LS",24,"2005/2006",-6.91869521902047,"iquitos","train","peakinc"
"glmnew","LS",24,"2005/2006",-6.91869521902047,"iquitos","train","seasoninc"
"glmnew","AE",24,"2005/2006",1,"iquitos","train","peakweek"
"glmnew","AE",24,"2005/2006",63,"iquitos","train","peakinc"
"glmnew","AE",24,"2005/2006",729,"iquitos","train","seasoninc"
"glmnew","LS",28,"2005/2006",-3.75977527574697,"iquitos","train","peakweek"
"glmnew","LS",28,"2005/2006",-6.91869521902047,"iquitos","train","peakinc"
"glmnew","LS",28,"2005/2006",-6.91869521902047,"iquitos","train","seasoninc"
"glmnew","AE",28,"2005/2006",2,"iquitos","train","peakweek"
"glmnew","AE",28,"2005/2006",126,"iquitos","train","peakinc"
"glmnew","AE",28,"2005/2006",1026,"iquitos","train","seasoninc"
"glmnew","LS",32,"2005/2006",-6.95844839329766,"iquitos","train","peakweek"
"glmnew","LS",32,"2005/2006",-6.91869521902047,"iquitos","train","peakinc"
"glmnew","LS",32,"2005/2006",-6.91869521902047,"iquitos","train","seasoninc"
"glmnew","AE",32,"2005/2006",8,"iquitos","train","peakweek"
"glmnew","AE",32,"2005/2006",259,"iquitos","train","peakinc"
"glmnew","AE",32,"2005/2006",1799.5,"iquitos","train","seasoninc"
"glmnew","LS",36,"2005/2006",-1.73270171958445,"iquitos","train","peakweek"
"glmnew","LS",36,"2005/2006",-1.10158405905727,"iquitos","train","peakinc"
"glmnew","LS",36,"2005/2006",-6.22554803846053,"iquitos","train","seasoninc"
"glmnew","AE",36,"2005/2006",0,"iquitos","train","peakweek"
"glmnew","AE",36,"2005/2006",11,"iquitos","train","peakinc"
"glmnew","AE",36,"2005/2006",263,"iquitos","train","seasoninc"
"glmnew","LS",40,"2005/2006",-0.983367325440197,"iquitos","train","peakweek"
"glmnew","LS",40,"2005/2006",-0.619745972164529,"iquitos","train","peakinc"
"glmnew","LS",40,"2005/2006",-5.12693574979242,"iquitos","train","seasoninc"
"glmnew","AE",40,"2005/2006",0,"iquitos","train","peakweek"
"glmnew","AE",40,"2005/2006",4,"iquitos","train","peakinc"
"glmnew","AE",40,"2005/2006",186,"iquitos","train","seasoninc"
"glmnew","LS",44,"2005/2006",-0.109912473975489,"iquitos","train","peakweek"
"glmnew","LS",44,"2005/2006",-0.0342085669776887,"iquitos","train","peakinc"
"glmnew","LS",44,"2005/2006",-1.25226853090804,"iquitos","train","seasoninc"
"glmnew","AE",44,"2005/2006",0,"iquitos","train","peakweek"
"glmnew","AE",44,"2005/2006",0,"iquitos","train","peakinc"
"glmnew","AE",44,"2005/2006",61,"iquitos","train","seasoninc"
"glmnew","LS",48,"2005/2006",-0.0496936139824346,"iquitos","train","peakweek"
"glmnew","LS",48,"2005/2006",-0.0099404397052508,"iquitos","train","peakinc"
"glmnew","LS",48,"2005/2006",-0.0109399400383343,"iquitos","train","seasoninc"
"glmnew","AE",48,"2005/2006",0,"iquitos","train","peakweek"
"glmnew","AE",48,"2005/2006",0,"iquitos","train","peakinc"
"glmnew","AE",48,"2005/2006",13,"iquitos","train","seasoninc"
"glmnew","LS",0,"2006/2007",-3.47720830396196,"iquitos","train","peakweek"
"glmnew","LS",0,"2006/2007",-4.5207999462221,"iquitos","train","peakinc"
"glmnew","LS",0,"2006/2007",-2.34398424051709,"iquitos","train","seasoninc"
"glmnew","AE",0,"2006/2007",6,"iquitos","train","peakweek"
"glmnew","AE",0,"2006/2007",32,"iquitos","train","peakinc"
"glmnew","AE",0,"2006/2007",252,"iquitos","train","seasoninc"
"glmnew","LS",4,"2006/2007",-3.44690295446663,"iquitos","train","peakweek"
"glmnew","LS",4,"2006/2007",-6.91869521902047,"iquitos","train","peakinc"
"glmnew","LS",4,"2006/2007",-3.92296294546648,"iquitos","train","seasoninc"
"glmnew","AE",4,"2006/2007",6,"iquitos","train","peakweek"
"glmnew","AE",4,"2006/2007",47,"iquitos","train","peakinc"
"glmnew","AE",4,"2006/2007",398,"iquitos","train","seasoninc"
"glmnew","LS",8,"2006/2007",-3.47720830396196,"iquitos","train","peakweek"
"glmnew","LS",8,"2006/2007",-6.22554803846053,"iquitos","train","peakinc"
"glmnew","LS",8,"2006/2007",-5.82008293035236,"iquitos","train","seasoninc"
"glmnew","AE",8,"2006/2007",6,"iquitos","train","peakweek"
"glmnew","AE",8,"2006/2007",88.5,"iquitos","train","peakinc"
"glmnew","AE",8,"2006/2007",760,"iquitos","train","seasoninc"
"glmnew","LS",12,"2006/2007",-3.44690295446663,"iquitos","train","peakweek"
"glmnew","LS",12,"2006/2007",-6.91869521902047,"iquitos","train","peakinc"
"glmnew","LS",12,"2006/2007",-5.12693574979242,"iquitos","train","seasoninc"
"glmnew","AE",12,"2006/2007",5,"iquitos","train","peakweek"
"glmnew","AE",12,"2006/2007",74,"iquitos","train","peakinc"
"glmnew","AE",12,"2006/2007",698,"iquitos","train","seasoninc"
"glmnew","LS",16,"2006/2007",-2.71712164072691,"iquitos","train","peakweek"
"glmnew","LS",16,"2006/2007",-6.91869521902047,"iquitos","train","peakinc"
"glmnew","LS",16,"2006/2007",-4.83925367734064,"iquitos","train","seasoninc"
"glmnew","AE",16,"2006/2007",4,"iquitos","train","peakweek"
"glmnew","AE",16,"2006/2007",51,"iquitos","train","peakinc"
"glmnew","AE",16,"2006/2007",484,"iquitos","train","seasoninc"
"glmnew","LS",20,"2006/2007",-3.20424947306308,"iquitos","train","peakweek"
"glmnew","LS",20,"2006/2007",-2.12290467342373,"iquitos","train","peakinc"
"glmnew","LS",20,"2006/2007",-0.780968164934237,"iquitos","train","seasoninc"
"glmnew","AE",20,"2006/2007",4,"iquitos","train","peakweek"
"glmnew","AE",20,"2006/2007",8,"iquitos","train","peakinc"
"glmnew","AE",20,"2006/2007",29,"iquitos","train","seasoninc"
"glmnew","LS",24,"2006/2007",-2.96484540087709,"iquitos","train","peakweek"
"glmnew","LS",24,"2006/2007",-1.49816021974819,"iquitos","train","peakinc"
"glmnew","LS",24,"2006/2007",-0.640173794854627,"iquitos","train","seasoninc"
"glmnew","AE",24,"2006/2007",7,"iquitos","train","peakweek"
"glmnew","AE",24,"2006/2007",6,"iquitos","train","peakinc"
"glmnew","AE",24,"2006/2007",7.5,"iquitos","train","seasoninc"
"glmnew","LS",28,"2006/2007",-0.426114101075306,"iquitos","train","peakweek"
"glmnew","LS",28,"2006/2007",-0.340833861299425,"iquitos","train","peakinc"
"glmnew","LS",28,"2006/2007",-0.726332729545599,"iquitos","train","seasoninc"
"glmnew","AE",28,"2006/2007",0,"iquitos","train","peakweek"
"glmnew","AE",28,"2006/2007",0,"iquitos","train","peakinc"
"glmnew","AE",28,"2006/2007",53.5,"iquitos","train","seasoninc"
"glmnew","LS",32,"2006/2007",-0.855144364434138,"iquitos","train","peakweek"
"glmnew","LS",32,"2006/2007",-0.74282794891471,"iquitos","train","peakinc"
"glmnew","LS",32,"2006/2007",-0.208172109568043,"iquitos","train","seasoninc"
"glmnew","AE",32,"2006/2007",0,"iquitos","train","peakweek"
"glmnew","AE",32,"2006/2007",1,"iquitos","train","peakinc"
"glmnew","AE",32,"2006/2007",7,"iquitos","train","seasoninc"
"glmnew","LS",36,"2006/2007",-3.05479363754003,"iquitos","train","peakweek"
"glmnew","LS",36,"2006/2007",-2.77556049262894,"iquitos","train","peakinc"
"glmnew","LS",36,"2006/2007",-1.75390924509696,"iquitos","train","seasoninc"
"glmnew","AE",36,"2006/2007",17,"iquitos","train","peakweek"
"glmnew","AE",36,"2006/2007",12,"iquitos","train","peakinc"
"glmnew","AE",36,"2006/2007",88,"iquitos","train","seasoninc"
"glmnew","LS",40,"2006/2007",-3.52446118881251,"iquitos","train","peakweek"
"glmnew","LS",40,"2006/2007",-3.28110905929409,"iquitos","train","peakinc"
"glmnew","LS",40,"2006/2007",-1.92148294525636,"iquitos","train","seasoninc"
"glmnew","AE",40,"2006/2007",17,"iquitos","train","peakweek"
"glmnew","AE",40,"2006/2007",13,"iquitos","train","peakinc"
"glmnew","AE",40,"2006/2007",83,"iquitos","train","seasoninc"
"glmnew","LS",44,"2006/2007",-1.29548791316171,"iquitos","train","peakweek"
"glmnew","LS",44,"2006/2007",-1.15664383624029,"iquitos","train","peakinc"
"glmnew","LS",44,"2006/2007",-0.343619378420851,"iquitos","train","seasoninc"
"glmnew","AE",44,"2006/2007",0,"iquitos","train","peakweek"
"glmnew","AE",44,"2006/2007",3,"iquitos","train","peakinc"
"glmnew","AE",44,"2006/2007",32,"iquitos","train","seasoninc"
"glmnew","LS",48,"2006/2007",-0.740512504782789,"iquitos","train","peakweek"
"glmnew","LS",48,"2006/2007",-0.628979648111474,"iquitos","train","peakinc"
"glmnew","LS",48,"2006/2007",-0.0975877467640065,"iquitos","train","seasoninc"
"glmnew","AE",48,"2006/2007",0,"iquitos","train","peakweek"
"glmnew","AE",48,"2006/2007",0,"iquitos","train","peakinc"
"glmnew","AE",48,"2006/2007",25,"iquitos","train","seasoninc"
"glmnew","LS",0,"2007/2008",-2.83131400825256,"iquitos","train","peakweek"
"glmnew","LS",0,"2007/2008",-2.74430794912483,"iquitos","train","peakinc"
"glmnew","LS",0,"2007/2008",-2.44135840454227,"iquitos","train","seasoninc"
"glmnew","AE",0,"2007/2008",2,"iquitos","train","peakweek"
"glmnew","AE",0,"2007/2008",34,"iquitos","train","peakinc"
"glmnew","AE",0,"2007/2008",234,"iquitos","train","seasoninc"
"glmnew","LS",4,"2007/2008",-2.39236559601761,"iquitos","train","peakweek"
"glmnew","LS",4,"2007/2008",-2.21821485322806,"iquitos","train","peakinc"
"glmnew","LS",4,"2007/2008",-2.26473486886295,"iquitos","train","seasoninc"
"glmnew","AE",4,"2007/2008",0,"iquitos","train","peakweek"
"glmnew","AE",4,"2007/2008",30,"iquitos","train","peakinc"
"glmnew","AE",4,"2007/2008",194.5,"iquitos","train","seasoninc"
"glmnew","LS",8,"2007/2008",-2.62333867841153,"iquitos","train","peakweek"
"glmnew","LS",8,"2007/2008",-1.72019818775465,"iquitos","train","peakinc"
"glmnew","LS",8,"2007/2008",-1.81274974511989,"iquitos","train","seasoninc"
"glmnew","AE",8,"2007/2008",1,"iquitos","train","peakweek"
"glmnew","AE",8,"2007/2008",20,"iquitos","train","peakinc"
"glmnew","AE",8,"2007/2008",59.5,"iquitos","train","seasoninc"
"glmnew","LS",12,"2007/2008",-2.45309854259177,"iquitos","train","peakweek"
"glmnew","LS",12,"2007/2008",-1.51152344756035,"iquitos","train","peakinc"
"glmnew","LS",12,"2007/2008",-2.02085541906956,"iquitos","train","seasoninc"
"glmnew","AE",12,"2007/2008",0,"iquitos","train","peakweek"
"glmnew","AE",12,"2007/2008",6.5,"iquitos","train","peakinc"
"glmnew","AE",12,"2007/2008",108,"iquitos","train","seasoninc"
"glmnew","LS",16,"2007/2008",-2.61680981952906,"iquitos","train","peakweek"
"glmnew","LS",16,"2007/2008",-1.32398383941863,"iquitos","train","peakinc"
"glmnew","LS",16,"2007/2008",-1.9699353286423,"iquitos","train","seasoninc"
"glmnew","AE",16,"2007/2008",1,"iquitos","train","peakweek"
"glmnew","AE",16,"2007/2008",1,"iquitos","train","peakinc"
"glmnew","AE",16,"2007/2008",200.5,"iquitos","train","seasoninc"
"glmnew","LS",20,"2007/2008",-2.24741781661009,"iquitos","train","peakweek"
"glmnew","LS",20,"2007/2008",-1.16295300543356,"iquitos","train","peakinc"
"glmnew","LS",20,"2007/2008",-1.54341681133631,"iquitos","train","seasoninc"
"glmnew","AE",20,"2007/2008",0,"iquitos","train","peakweek"
"glmnew","AE",20,"2007/2008",8,"iquitos","train","peakinc"
"glmnew","AE",20,"2007/2008",72,"iquitos","train","seasoninc"
"glmnew","LS",24,"2007/2008",-2.34003298055954,"iquitos","train","peakweek"
"glmnew","LS",24,"2007/2008",-1.54805719089281,"iquitos","train","peakinc"
"glmnew","LS",24,"2007/2008",-1.14414367347606,"iquitos","train","seasoninc"
"glmnew","AE",24,"2007/2008",4,"iquitos","train","peakweek"
"glmnew","AE",24,"2007/2008",21,"iquitos","train","peakinc"
"glmnew","AE",24,"2007/2008",45,"iquitos","train","seasoninc"
"glmnew","LS",28,"2007/2008",-0.365860584442902,"iquitos","train","peakweek"
"glmnew","LS",28,"2007/2008",-0.294629991220578,"iquitos","train","peakinc"
"glmnew","LS",28,"2007/2008",-1.45063507788534,"iquitos","train","seasoninc"
"glmnew","AE",28,"2007/2008",0,"iquitos","train","peakweek"
"glmnew","AE",28,"2007/2008",0,"iquitos","train","peakinc"
"glmnew","AE",28,"2007/2008",109,"iquitos","train","seasoninc"
"glmnew","LS",32,"2007/2008",-0.189380634089411,"iquitos","train","peakweek"
"glmnew","LS",32,"2007/2008",-0.133107574012542,"iquitos","train","peakinc"
"glmnew","LS",32,"2007/2008",-2.911362033788,"iquitos","train","seasoninc"
"glmnew","AE",32,"2007/2008",0,"iquitos","train","peakweek"
"glmnew","AE",32,"2007/2008",0,"iquitos","train","peakinc"
"glmnew","AE",32,"2007/2008",147,"iquitos","train","seasoninc"
"glmnew","LS",36,"2007/2008",-0.0516936146491017,"iquitos","train","peakweek"
"glmnew","LS",36,"2007/2008",-0.0119404403719179,"iquitos","train","peakinc"
"glmnew","LS",36,"2007/2008",-2.9297111724562,"iquitos","train","seasoninc"
"glmnew","AE",36,"2007/2008",0,"iquitos","train","peakweek"
"glmnew","AE",36,"2007/2008",0,"iquitos","train","peakinc"
"glmnew","AE",36,"2007/2008",89,"iquitos","train","seasoninc"
"glmnew","LS",40,"2007/2008",-0.0496936139824346,"iquitos","train","peakweek"
"glmnew","LS",40,"2007/2008",-0.0099404397052508,"iquitos","train","peakinc"
"glmnew","LS",40,"2007/2008",-0.204524689111,"iquitos","train","seasoninc"
"glmnew","AE",40,"2007/2008",0,"iquitos","train","peakweek"
"glmnew","AE",40,"2007/2008",0,"iquitos","train","peakinc"
"glmnew","AE",40,"2007/2008",25,"iquitos","train","seasoninc"
"glmnew","LS",44,"2007/2008",-0.0496936139824346,"iquitos","train","peakweek"
"glmnew","LS",44,"2007/2008",-0.0099404397052508,"iquitos","train","peakinc"
"glmnew","LS",44,"2007/2008",-0.0099404397052508,"iquitos","train","seasoninc"
"glmnew","AE",44,"2007/2008",0,"iquitos","train","peakweek"
"glmnew","AE",44,"2007/2008",0,"iquitos","train","peakinc"
"glmnew","AE",44,"2007/2008",5,"iquitos","train","seasoninc"
"glmnew","LS",48,"2007/2008",-0.0496936139824346,"iquitos","train","peakweek"
"glmnew","LS",48,"2007/2008",-0.0099404397052508,"iquitos","train","peakinc"
"glmnew","LS",48,"2007/2008",-0.0099404397052508,"iquitos","train","seasoninc"
"glmnew","AE",48,"2007/2008",0,"iquitos","train","peakweek"
"glmnew","AE",48,"2007/2008",0,"iquitos","train","peakinc"
"glmnew","AE",48,"2007/2008",2.5,"iquitos","train","seasoninc"
"glmnew","LS",0,"2008/2009",-5.12054776807175,"iquitos","train","peakweek"
"glmnew","LS",0,"2008/2009",-6.91869521902047,"iquitos","train","peakinc"
"glmnew","LS",0,"2008/2009",-6.91869521902047,"iquitos","train","seasoninc"
"glmnew","AE",0,"2008/2009",13,"iquitos","train","peakweek"
"glmnew","AE",0,"2008/2009",53,"iquitos","train","peakinc"
"glmnew","AE",0,"2008/2009",566,"iquitos","train","seasoninc"
"glmnew","LS",4,"2008/2009",-5.1666889240696,"iquitos","train","peakweek"
"glmnew","LS",4,"2008/2009",-6.91869521902047,"iquitos","train","peakinc"
"glmnew","LS",4,"2008/2009",-6.91869521902047,"iquitos","train","seasoninc"
"glmnew","AE",4,"2008/2009",13,"iquitos","train","peakweek"
"glmnew","AE",4,"2008/2009",54,"iquitos","train","peakinc"
"glmnew","AE",4,"2008/2009",570,"iquitos","train","seasoninc"
"glmnew","LS",8,"2008/2009",-3.56842431223362,"iquitos","train","peakweek"
"glmnew","LS",8,"2008/2009",-6.91869521902047,"iquitos","train","peakinc"
"glmnew","LS",8,"2008/2009",-6.91869521902047,"iquitos","train","seasoninc"
"glmnew","AE",8,"2008/2009",9,"iquitos","train","peakweek"
"glmnew","AE",8,"2008/2009",52,"iquitos","train","peakinc"
"glmnew","AE",8,"2008/2009",527.5,"iquitos","train","seasoninc"
"glmnew","LS",12,"2008/2009",-4.39349903583612,"iquitos","train","peakweek"
"glmnew","LS",12,"2008/2009",-2.05116076856489,"iquitos","train","peakinc"
"glmnew","LS",12,"2008/2009",-2.47604396253015,"iquitos","train","seasoninc"
"glmnew","AE",12,"2008/2009",5,"iquitos","train","peakweek"
"glmnew","AE",12,"2008/2009",41,"iquitos","train","peakinc"
"glmnew","AE",12,"2008/2009",412,"iquitos","train","seasoninc"
"glmnew","LS",16,"2008/2009",-5.57215403217776,"iquitos","train","peakweek"
"glmnew","LS",16,"2008/2009",-4.97278506996516,"iquitos","train","peakinc"
"glmnew","LS",16,"2008/2009",-6.91869521902047,"iquitos","train","seasoninc"
"glmnew","AE",16,"2008/2009",4,"iquitos","train","peakweek"
"glmnew","AE",16,"2008/2009",193,"iquitos","train","peakinc"
"glmnew","AE",16,"2008/2009",1856,"iquitos","train","seasoninc"
"glmnew","LS",20,"2008/2009",-4.12523504924144,"iquitos","train","peakweek"
"glmnew","LS",20,"2008/2009",-2.96745150043904,"iquitos","train","peakinc"
"glmnew","LS",20,"2008/2009",-6.91869521902047,"iquitos","train","seasoninc"
"glmnew","AE",20,"2008/2009",5,"iquitos","train","peakweek"
"glmnew","AE",20,"2008/2009",83,"iquitos","train","peakinc"
"glmnew","AE",20,"2008/2009",975,"iquitos","train","seasoninc"
"glmnew","LS",24,"2008/2009",-0.811049044568913,"iquitos","train","peakweek"
"glmnew","LS",24,"2008/2009",-0.405465108108164,"iquitos","train","peakinc"
"glmnew","LS",24,"2008/2009",-3.1810256007371,"iquitos","train","seasoninc"
"glmnew","AE",24,"2008/2009",0,"iquitos","train","peakweek"
"glmnew","AE",24,"2008/2009",2,"iquitos","train","peakinc"
"glmnew","AE",24,"2008/2009",221,"iquitos","train","seasoninc"
"glmnew","LS",28,"2008/2009",-0.0496936139824346,"iquitos","train","peakweek"
"glmnew","LS",28,"2008/2009",-0.0099404397052508,"iquitos","train","peakinc"
"glmnew","LS",28,"2008/2009",-2.07450813256188,"iquitos","train","seasoninc"
"glmnew","AE",28,"2008/2009",0,"iquitos","train","peakweek"
"glmnew","AE",28,"2008/2009",0,"iquitos","train","peakinc"
"glmnew","AE",28,"2008/2009",132,"iquitos","train","seasoninc"
"glmnew","LS",32,"2008/2009",-0.0592294453378045,"iquitos","train","peakweek"
"glmnew","LS",32,"2008/2009",-0.0129419427090074,"iquitos","train","peakinc"
"glmnew","LS",32,"2008/2009",-0.668719976760988,"iquitos","train","seasoninc"
"glmnew","AE",32,"2008/2009",0,"iquitos","train","peakweek"
"glmnew","AE",32,"2008/2009",0,"iquitos","train","peakinc"
"glmnew","AE",32,"2008/2009",4,"iquitos","train","seasoninc"
"glmnew","LS",36,"2008/2009",-0.0496936139824346,"iquitos","train","peakweek"
"glmnew","LS",36,"2008/2009",-0.0099404397052508,"iquitos","train","peakinc"
"glmnew","LS",36,"2008/2009",-0.692158549733006,"iquitos","train","seasoninc"
"glmnew","AE",36,"2008/2009",0,"iquitos","train","peakweek"
"glmnew","AE",36,"2008/2009",0,"iquitos","train","peakinc"
"glmnew","AE",36,"2008/2009",5,"iquitos","train","seasoninc"
"glmnew","LS",40,"2008/2009",-0.0496936139824346,"iquitos","train","peakweek"
"glmnew","LS",40,"2008/2009",-0.0099404397052508,"iquitos","train","peakinc"
"glmnew","LS",40,"2008/2009",-0.33944400701037,"iquitos","train","seasoninc"
"glmnew","AE",40,"2008/2009",0,"iquitos","train","peakweek"
"glmnew","AE",40,"2008/2009",0,"iquitos","train","peakinc"
"glmnew","AE",40,"2008/2009",2,"iquitos","train","seasoninc"
"glmnew","LS",44,"2008/2009",-0.0496936139824346,"iquitos","train","peakweek"
"glmnew","LS",44,"2008/2009",-0.0099404397052508,"iquitos","train","peakinc"
"glmnew","LS",44,"2008/2009",-0.27751304927988,"iquitos","train","seasoninc"
"glmnew","AE",44,"2008/2009",0,"iquitos","train","peakweek"
"glmnew","AE",44,"2008/2009",0,"iquitos","train","peakinc"
"glmnew","AE",44,"2008/2009",0,"iquitos","train","seasoninc"
"glmnew","LS",48,"2008/2009",-0.0496936139824346,"iquitos","train","peakweek"
"glmnew","LS",48,"2008/2009",-0.0099404397052508,"iquitos","train","peakinc"
"glmnew","LS",48,"2008/2009",-0.0569838785397411,"iquitos","train","seasoninc"
"glmnew","AE",48,"2008/2009",0,"iquitos","train","peakweek"
"glmnew","AE",48,"2008/2009",0,"iquitos","train","peakinc"
"glmnew","AE",48,"2008/2009",4,"iquitos","train","seasoninc"
"glmnew","LS",0,"2009/2010",-4.16524038385514,"iquitos","test","peakweek"
"glmnew","LS",0,"2009/2010",-1.71468853194368,"iquitos","test","peakinc"
"glmnew","LS",0,"2009/2010",-2.84115777511475,"iquitos","test","seasoninc"
"glmnew","AE",0,"2009/2010",8,"iquitos","test","peakweek"
"glmnew","AE",0,"2009/2010",28.5,"iquitos","test","peakinc"
"glmnew","AE",0,"2009/2010",285,"iquitos","test","seasoninc"
"glmnew","LS",4,"2009/2010",-3.92189412522341,"iquitos","test","peakweek"
"glmnew","LS",4,"2009/2010",-0.702089117935607,"iquitos","test","peakinc"
"glmnew","LS",4,"2009/2010",-1.06362329681804,"iquitos","test","seasoninc"
"glmnew","AE",4,"2009/2010",6,"iquitos","test","peakweek"
"glmnew","AE",4,"2009/2010",5,"iquitos","test","peakinc"
"glmnew","AE",4,"2009/2010",0,"iquitos","test","seasoninc"
"glmnew","LS",8,"2009/2010",-4.17549688402233,"iquitos","test","peakweek"
"glmnew","LS",8,"2009/2010",-1.37743167386205,"iquitos","test","peakinc"
"glmnew","LS",8,"2009/2010",-2.46434792276696,"iquitos","test","seasoninc"
"glmnew","AE",8,"2009/2010",14,"iquitos","test","peakweek"
"glmnew","AE",8,"2009/2010",20,"iquitos","test","peakinc"
"glmnew","AE",8,"2009/2010",164.5,"iquitos","test","seasoninc"
"glmnew","LS",12,"2009/2010",-3.5854218886022,"iquitos","test","peakweek"
"glmnew","LS",12,"2009/2010",-0.8341958059453,"iquitos","test","peakinc"
"glmnew","LS",12,"2009/2010",-1.3055671126324,"iquitos","test","seasoninc"
"glmnew","AE",12,"2009/2010",12,"iquitos","test","peakweek"
"glmnew","AE",12,"2009/2010",11,"iquitos","test","peakinc"
"glmnew","AE",12,"2009/2010",63,"iquitos","test","seasoninc"
"glmnew","LS",16,"2009/2010",-3.62327211273329,"iquitos","test","peakweek"
"glmnew","LS",16,"2009/2010",-0.829650343573625,"iquitos","test","peakinc"
"glmnew","LS",16,"2009/2010",-1.01061228085154,"iquitos","test","seasoninc"
"glmnew","AE",16,"2009/2010",5,"iquitos","test","peakweek"
"glmnew","AE",16,"2009/2010",3,"iquitos","test","peakinc"
"glmnew","AE",16,"2009/2010",106,"iquitos","test","seasoninc"
"glmnew","LS",20,"2009/2010",-3.36113613270921,"iquitos","test","peakweek"
"glmnew","LS",20,"2009/2010",-0.770226923102825,"iquitos","test","peakinc"
"glmnew","LS",20,"2009/2010",-1.07225644396275,"iquitos","test","seasoninc"
"glmnew","AE",20,"2009/2010",5,"iquitos","test","peakweek"
"glmnew","AE",20,"2009/2010",3.5,"iquitos","test","peakinc"
"glmnew","AE",20,"2009/2010",111,"iquitos","test","seasoninc"
"glmnew","LS",24,"2009/2010",-2.4679411156297,"iquitos","test","peakweek"
"glmnew","LS",24,"2009/2010",-0.530133813474842,"iquitos","test","peakinc"
"glmnew","LS",24,"2009/2010",-0.608776940793955,"iquitos","test","seasoninc"
"glmnew","AE",24,"2009/2010",4,"iquitos","test","peakweek"
"glmnew","AE",24,"2009/2010",1,"iquitos","test","peakinc"
"glmnew","AE",24,"2009/2010",75,"iquitos","test","seasoninc"
"glmnew","LS",28,"2009/2010",-2.91979273693614,"iquitos","test","peakweek"
"glmnew","LS",28,"2009/2010",-1.87527010210122,"iquitos","test","peakinc"
"glmnew","LS",28,"2009/2010",-3.06854761731041,"iquitos","test","seasoninc"
"glmnew","AE",28,"2009/2010",6,"iquitos","test","peakweek"
"glmnew","AE",28,"2009/2010",9,"iquitos","test","peakinc"
"glmnew","AE",28,"2009/2010",144,"iquitos","test","seasoninc"
"glmnew","LS",32,"2009/2010",-2.70757502884333,"iquitos","test","peakweek"
"glmnew","LS",32,"2009/2010",-0.109655912977492,"iquitos","test","peakinc"
"glmnew","LS",32,"2009/2010",-0.312045032822256,"iquitos","test","seasoninc"
"glmnew","AE",32,"2009/2010",4,"iquitos","test","peakweek"
"glmnew","AE",32,"2009/2010",2,"iquitos","test","peakinc"
"glmnew","AE",32,"2009/2010",44,"iquitos","test","seasoninc"
"glmnew","LS",36,"2009/2010",-2.18494289249035,"iquitos","test","peakweek"
"glmnew","LS",36,"2009/2010",-0.798397800069521,"iquitos","test","peakinc"
"glmnew","LS",36,"2009/2010",-3.06854761731041,"iquitos","test","seasoninc"
"glmnew","AE",36,"2009/2010",0,"iquitos","test","peakweek"
"glmnew","AE",36,"2009/2010",11,"iquitos","test","peakinc"
"glmnew","AE",36,"2009/2010",93,"iquitos","test","seasoninc"
"glmnew","LS",40,"2009/2010",-1.64442173304444,"iquitos","test","peakweek"
"glmnew","LS",40,"2009/2010",-0.545375429443459,"iquitos","test","peakinc"
"glmnew","LS",40,"2009/2010",-3.82765276566216,"iquitos","test","seasoninc"
"glmnew","AE",40,"2009/2010",0,"iquitos","test","peakweek"
"glmnew","AE",40,"2009/2010",8,"iquitos","test","peakinc"
"glmnew","AE",40,"2009/2010",82,"iquitos","test","seasoninc"
"glmnew","LS",44,"2009/2010",-0.299581915381586,"iquitos","test","peakweek"
"glmnew","LS",44,"2009/2010",-0.0444967235671771,"iquitos","test","peakinc"
"glmnew","LS",44,"2009/2010",-1.74254548644664,"iquitos","test","seasoninc"
"glmnew","AE",44,"2009/2010",0,"iquitos","test","peakweek"
"glmnew","AE",44,"2009/2010",0,"iquitos","test","peakinc"
"glmnew","AE",44,"2009/2010",20,"iquitos","test","seasoninc"
"glmnew","LS",48,"2009/2010",-0.150513449597729,"iquitos","test","peakweek"
"glmnew","LS",48,"2009/2010",-0.0179645549752988,"iquitos","test","peakinc"
"glmnew","LS",48,"2009/2010",-1.77703166251781,"iquitos","test","seasoninc"
"glmnew","AE",48,"2009/2010",0,"iquitos","test","peakweek"
"glmnew","AE",48,"2009/2010",0,"iquitos","test","peakinc"
"glmnew","AE",48,"2009/2010",12,"iquitos","test","seasoninc"
"glmnew","LS",0,"2010/2011",-2.69108466694391,"iquitos","test","peakweek"
"glmnew","LS",0,"2010/2011",-2.68458871442321,"iquitos","test","peakinc"
"glmnew","LS",0,"2010/2011",-2.20916501770814,"iquitos","test","seasoninc"
"glmnew","AE",0,"2010/2011",0,"iquitos","test","peakweek"
"glmnew","AE",0,"2010/2011",36,"iquitos","test","peakinc"
"glmnew","AE",0,"2010/2011",225,"iquitos","test","seasoninc"
"glmnew","LS",4,"2010/2011",-2.79956530993798,"iquitos","test","peakweek"
"glmnew","LS",4,"2010/2011",-2.96745150043904,"iquitos","test","peakinc"
"glmnew","LS",4,"2010/2011",-2.11467417428721,"iquitos","test","seasoninc"
"glmnew","AE",4,"2010/2011",1,"iquitos","test","peakweek"
"glmnew","AE",4,"2010/2011",47,"iquitos","test","peakinc"
"glmnew","AE",4,"2010/2011",31.5,"iquitos","test","seasoninc"
"glmnew","LS",8,"2010/2011",-2.28561955883575,"iquitos","test","peakweek"
"glmnew","LS",8,"2010/2011",-3.1810256007371,"iquitos","test","peakinc"
"glmnew","LS",8,"2010/2011",-2.23656399189625,"iquitos","test","seasoninc"
"glmnew","AE",8,"2010/2011",0,"iquitos","test","peakweek"
"glmnew","AE",8,"2010/2011",49,"iquitos","test","peakinc"
"glmnew","AE",8,"2010/2011",67.5,"iquitos","test","seasoninc"
"glmnew","LS",12,"2010/2011",-2.67486183143703,"iquitos","test","peakweek"
"glmnew","LS",12,"2010/2011",-3.25513357289082,"iquitos","test","peakinc"
"glmnew","LS",12,"2010/2011",-2.32357536888588,"iquitos","test","seasoninc"
"glmnew","AE",12,"2010/2011",3,"iquitos","test","peakweek"
"glmnew","AE",12,"2010/2011",54,"iquitos","test","peakinc"
"glmnew","AE",12,"2010/2011",131,"iquitos","test","seasoninc"
"glmnew","LS",16,"2010/2011",-2.77639825065645,"iquitos","test","peakweek"
"glmnew","LS",16,"2010/2011",-2.35434702755264,"iquitos","test","peakinc"
"glmnew","LS",16,"2010/2011",-1.87527010210122,"iquitos","test","seasoninc"
"glmnew","AE",16,"2010/2011",4,"iquitos","test","peakweek"
"glmnew","AE",16,"2010/2011",24,"iquitos","test","peakinc"
"glmnew","AE",16,"2010/2011",109,"iquitos","test","seasoninc"
"glmnew","LS",20,"2010/2011",-2.57392487842519,"iquitos","test","peakweek"
"glmnew","LS",20,"2010/2011",-3.78320100309132,"iquitos","test","peakinc"
"glmnew","LS",20,"2010/2011",-1.65600503011559,"iquitos","test","seasoninc"
"glmnew","AE",20,"2010/2011",1,"iquitos","test","peakweek"
"glmnew","AE",20,"2010/2011",55,"iquitos","test","peakinc"
"glmnew","AE",20,"2010/2011",133,"iquitos","test","seasoninc"
"glmnew","LS",24,"2010/2011",-2.35411188805814,"iquitos","test","peakweek"
"glmnew","LS",24,"2010/2011",-6.91869521902047,"iquitos","test","peakinc"
"glmnew","LS",24,"2010/2011",-4.97278506996516,"iquitos","test","seasoninc"
"glmnew","AE",24,"2010/2011",4,"iquitos","test","peakweek"
"glmnew","AE",24,"2010/2011",79,"iquitos","test","peakinc"
"glmnew","AE",24,"2010/2011",323,"iquitos","test","seasoninc"
"glmnew","LS",28,"2010/2011",-0.0852845590851371,"iquitos","test","peakweek"
"glmnew","LS",28,"2010/2011",-0.0362577480226242,"iquitos","test","peakinc"
"glmnew","LS",28,"2010/2011",-1.27324832137723,"iquitos","test","seasoninc"
"glmnew","AE",28,"2010/2011",0,"iquitos","test","peakweek"
"glmnew","AE",28,"2010/2011",0,"iquitos","test","peakinc"
"glmnew","AE",28,"2010/2011",56,"iquitos","test","seasoninc"
"glmnew","LS",32,"2010/2011",-0.107263465803912,"iquitos","test","peakweek"
"glmnew","LS",32,"2010/2011",-0.0528041441370332,"iquitos","test","peakinc"
"glmnew","LS",32,"2010/2011",-4.83925367734064,"iquitos","test","seasoninc"
"glmnew","AE",32,"2010/2011",0,"iquitos","test","peakweek"
"glmnew","AE",32,"2010/2011",0,"iquitos","test","peakinc"
"glmnew","AE",32,"2010/2011",209,"iquitos","test","seasoninc"
"glmnew","LS",36,"2010/2011",-0.0496936139824346,"iquitos","test","peakweek"
"glmnew","LS",36,"2010/2011",-0.0099404397052508,"iquitos","test","peakinc"
"glmnew","LS",36,"2010/2011",-1.46765676545477,"iquitos","test","seasoninc"
"glmnew","AE",36,"2010/2011",0,"iquitos","test","peakweek"
"glmnew","AE",36,"2010/2011",0,"iquitos","test","peakinc"
"glmnew","AE",36,"2010/2011",43,"iquitos","test","seasoninc"
"glmnew","LS",40,"2010/2011",-0.0496936139824346,"iquitos","test","peakweek"
"glmnew","LS",40,"2010/2011",-0.0099404397052508,"iquitos","test","peakinc"
"glmnew","LS",40,"2010/2011",-0.508520337054304,"iquitos","test","seasoninc"
"glmnew","AE",40,"2010/2011",0,"iquitos","test","peakweek"
"glmnew","AE",40,"2010/2011",0,"iquitos","test","peakinc"
"glmnew","AE",40,"2010/2011",9,"iquitos","test","seasoninc"
"glmnew","LS",44,"2010/2011",-0.0496936139824346,"iquitos","test","peakweek"
"glmnew","LS",44,"2010/2011",-0.0099404397052508,"iquitos","test","peakinc"
"glmnew","LS",44,"2010/2011",-0.141048625385355,"iquitos","test","seasoninc"
"glmnew","AE",44,"2010/2011",0,"iquitos","test","peakweek"
"glmnew","AE",44,"2010/2011",0,"iquitos","test","peakinc"
"glmnew","AE",44,"2010/2011",2,"iquitos","test","seasoninc"
"glmnew","LS",48,"2010/2011",-0.0496936139824346,"iquitos","test","peakweek"
"glmnew","LS",48,"2010/2011",-0.0099404397052508,"iquitos","test","peakinc"
"glmnew","LS",48,"2010/2011",-0.0099404397052508,"iquitos","test","seasoninc"
"glmnew","AE",48,"2010/2011",0,"iquitos","test","peakweek"
"glmnew","AE",48,"2010/2011",0,"iquitos","test","peakinc"
"glmnew","AE",48,"2010/2011",6,"iquitos","test","seasoninc"
"glmnew","LS",0,"2011/2012",-4.76122381596144,"iquitos","test","peakweek"
"glmnew","LS",0,"2011/2012",-2.94840330546835,"iquitos","test","peakinc"
"glmnew","LS",0,"2011/2012",-6.91869521902047,"iquitos","test","seasoninc"
"glmnew","AE",0,"2011/2012",8,"iquitos","test","peakweek"
"glmnew","AE",0,"2011/2012",27,"iquitos","test","peakinc"
"glmnew","AE",0,"2011/2012",265,"iquitos","test","seasoninc"
"glmnew","LS",4,"2011/2012",-5.25370030105923,"iquitos","test","peakweek"
"glmnew","LS",4,"2011/2012",-3.48470801453533,"iquitos","test","peakinc"
"glmnew","LS",4,"2011/2012",-6.91869521902047,"iquitos","test","seasoninc"
"glmnew","AE",4,"2011/2012",10,"iquitos","test","peakweek"
"glmnew","AE",4,"2011/2012",30,"iquitos","test","peakinc"
"glmnew","AE",4,"2011/2012",296,"iquitos","test","seasoninc"
"glmnew","LS",8,"2011/2012",-4.25039819219545,"iquitos","test","peakweek"
"glmnew","LS",8,"2011/2012",-3.58649070884527,"iquitos","test","peakinc"
"glmnew","LS",8,"2011/2012",-6.91869521902047,"iquitos","test","seasoninc"
"glmnew","AE",8,"2011/2012",10,"iquitos","test","peakweek"
"glmnew","AE",8,"2011/2012",30,"iquitos","test","peakinc"
"glmnew","AE",8,"2011/2012",292,"iquitos","test","seasoninc"
"glmnew","LS",12,"2011/2012",-4.3193910636824,"iquitos","test","peakweek"
"glmnew","LS",12,"2011/2012",-3.28110905929409,"iquitos","test","peakinc"
"glmnew","LS",12,"2011/2012",-6.22554803846053,"iquitos","test","seasoninc"
"glmnew","AE",12,"2011/2012",9,"iquitos","test","peakweek"
"glmnew","AE",12,"2011/2012",28.5,"iquitos","test","peakinc"
"glmnew","AE",12,"2011/2012",242,"iquitos","test","seasoninc"
"glmnew","LS",16,"2011/2012",-4.11063624982029,"iquitos","test","peakweek"
"glmnew","LS",16,"2011/2012",-2.17376309065722,"iquitos","test","peakinc"
"glmnew","LS",16,"2011/2012",-6.22554803846053,"iquitos","test","seasoninc"
"glmnew","AE",16,"2011/2012",8,"iquitos","test","peakweek"
"glmnew","AE",16,"2011/2012",19,"iquitos","test","peakinc"
"glmnew","AE",16,"2011/2012",164,"iquitos","test","seasoninc"
"glmnew","LS",20,"2011/2012",-4.29064165039641,"iquitos","test","peakweek"
"glmnew","LS",20,"2011/2012",-0.0964978283999809,"iquitos","test","peakinc"
"glmnew","LS",20,"2011/2012",-0.569556227640673,"iquitos","test","seasoninc"
"glmnew","AE",20,"2011/2012",8,"iquitos","test","peakweek"
"glmnew","AE",20,"2011/2012",3,"iquitos","test","peakinc"
"glmnew","AE",20,"2011/2012",0,"iquitos","test","seasoninc"
"glmnew","LS",24,"2011/2012",-3.77278470263557,"iquitos","test","peakweek"
"glmnew","LS",24,"2011/2012",-0.0538474410496108,"iquitos","test","peakinc"
"glmnew","LS",24,"2011/2012",-0.482544850651044,"iquitos","test","seasoninc"
"glmnew","AE",24,"2011/2012",5,"iquitos","test","peakweek"
"glmnew","AE",24,"2011/2012",3,"iquitos","test","peakinc"
"glmnew","AE",24,"2011/2012",1,"iquitos","test","seasoninc"
"glmnew","LS",28,"2011/2012",-3.51376589969576,"iquitos","test","peakweek"
"glmnew","LS",28,"2011/2012",-0.254286198670064,"iquitos","test","peakinc"
"glmnew","LS",28,"2011/2012",-1.92826263224174,"iquitos","test","seasoninc"
"glmnew","AE",28,"2011/2012",5,"iquitos","test","peakweek"
"glmnew","AE",28,"2011/2012",6,"iquitos","test","peakinc"
"glmnew","AE",28,"2011/2012",29,"iquitos","test","seasoninc"
"glmnew","LS",32,"2011/2012",-2.70710008226589,"iquitos","test","peakweek"
"glmnew","LS",32,"2011/2012",-0.61424641659849,"iquitos","test","peakinc"
"glmnew","LS",32,"2011/2012",-4.21064501791826,"iquitos","test","seasoninc"
"glmnew","AE",32,"2011/2012",5,"iquitos","test","peakweek"
"glmnew","AE",32,"2011/2012",9,"iquitos","test","peakinc"
"glmnew","AE",32,"2011/2012",57,"iquitos","test","seasoninc"
"glmnew","LS",36,"2011/2012",-2.43141994519385,"iquitos","test","peakweek"
"glmnew","LS",36,"2011/2012",-0.0664526499685932,"iquitos","test","peakinc"
"glmnew","LS",36,"2011/2012",-1.86244941367216,"iquitos","test","seasoninc"
"glmnew","AE",36,"2011/2012",1,"iquitos","test","peakweek"
"glmnew","AE",36,"2011/2012",3,"iquitos","test","peakinc"
"glmnew","AE",36,"2011/2012",19,"iquitos","test","seasoninc"
"glmnew","LS",40,"2011/2012",-2.18540577626448,"iquitos","test","peakweek"
"glmnew","LS",40,"2011/2012",-0.0159524818618786,"iquitos","test","peakinc"
"glmnew","LS",40,"2011/2012",-2.00604033328442,"iquitos","test","seasoninc"
"glmnew","AE",40,"2011/2012",0,"iquitos","test","peakweek"
"glmnew","AE",40,"2011/2012",1,"iquitos","test","peakinc"
"glmnew","AE",40,"2011/2012",15,"iquitos","test","seasoninc"
"glmnew","LS",44,"2011/2012",-1.30001202040833,"iquitos","test","peakweek"
"glmnew","LS",44,"2011/2012",-0.0099404397052508,"iquitos","test","peakinc"
"glmnew","LS",44,"2011/2012",-0.58719336912678,"iquitos","test","seasoninc"
"glmnew","AE",44,"2011/2012",0,"iquitos","test","peakweek"
"glmnew","AE",44,"2011/2012",0,"iquitos","test","peakinc"
"glmnew","AE",44,"2011/2012",4,"iquitos","test","seasoninc"
"glmnew","LS",48,"2011/2012",-1.17616285715351,"iquitos","test","peakweek"
"glmnew","LS",48,"2011/2012",-0.0099404397052508,"iquitos","test","peakinc"
"glmnew","LS",48,"2011/2012",-0.383453948006813,"iquitos","test","seasoninc"
"glmnew","AE",48,"2011/2012",0,"iquitos","test","peakweek"
"glmnew","AE",48,"2011/2012",0,"iquitos","test","peakinc"
"glmnew","AE",48,"2011/2012",3,"iquitos","test","seasoninc"
"glmnew","LS",0,"2012/2013",-2.71832140091881,"iquitos","test","peakweek"
"glmnew","LS",0,"2012/2013",-3.25513357289082,"iquitos","test","peakinc"
"glmnew","LS",0,"2012/2013",-5.30925730658637,"iquitos","test","seasoninc"
"glmnew","AE",0,"2012/2013",1,"iquitos","test","peakweek"
"glmnew","AE",0,"2012/2013",23,"iquitos","test","peakinc"
"glmnew","AE",0,"2012/2013",382,"iquitos","test","seasoninc"
"glmnew","LS",4,"2012/2013",-2.73161464802948,"iquitos","test","peakweek"
"glmnew","LS",4,"2012/2013",-3.09005382253138,"iquitos","test","peakinc"
"glmnew","LS",4,"2012/2013",-5.53240085790058,"iquitos","test","seasoninc"
"glmnew","AE",4,"2012/2013",2,"iquitos","test","peakweek"
"glmnew","AE",4,"2012/2013",22,"iquitos","test","peakinc"
"glmnew","AE",4,"2012/2013",368.5,"iquitos","test","seasoninc"
"glmnew","LS",8,"2012/2013",-2.67831606630511,"iquitos","test","peakweek"
"glmnew","LS",8,"2012/2013",-3.20512315231616,"iquitos","test","peakinc"
"glmnew","LS",8,"2012/2013",-6.91869521902047,"iquitos","test","seasoninc"
"glmnew","AE",8,"2012/2013",1,"iquitos","test","peakweek"
"glmnew","AE",8,"2012/2013",23,"iquitos","test","peakinc"
"glmnew","AE",8,"2012/2013",385,"iquitos","test","seasoninc"
"glmnew","LS",12,"2012/2013",-2.6875861211014,"iquitos","test","peakweek"
"glmnew","LS",12,"2012/2013",-3.30777730637625,"iquitos","test","peakinc"
"glmnew","LS",12,"2012/2013",-6.91869521902047,"iquitos","test","seasoninc"
"glmnew","AE",12,"2012/2013",1,"iquitos","test","peakweek"
"glmnew","AE",12,"2012/2013",23,"iquitos","test","peakinc"
"glmnew","AE",12,"2012/2013",388.5,"iquitos","test","seasoninc"
"glmnew","LS",16,"2012/2013",-2.60173956660806,"iquitos","test","peakweek"
"glmnew","LS",16,"2012/2013",-1.46765676545477,"iquitos","test","peakinc"
"glmnew","LS",16,"2012/2013",-3.58649070884527,"iquitos","test","seasoninc"
"glmnew","AE",16,"2012/2013",3,"iquitos","test","peakweek"
"glmnew","AE",16,"2012/2013",11,"iquitos","test","peakinc"
"glmnew","AE",16,"2012/2013",256,"iquitos","test","seasoninc"
"glmnew","LS",20,"2012/2013",-2.71472643000095,"iquitos","test","peakweek"
"glmnew","LS",20,"2012/2013",-1.60057522517626,"iquitos","test","peakinc"
"glmnew","LS",20,"2012/2013",-4.5207999462221,"iquitos","test","seasoninc"
"glmnew","AE",20,"2012/2013",2,"iquitos","test","peakweek"
"glmnew","AE",20,"2012/2013",12,"iquitos","test","peakinc"
"glmnew","AE",20,"2012/2013",261.5,"iquitos","test","seasoninc"
"glmnew","LS",24,"2012/2013",-2.62991044357476,"iquitos","test","peakweek"
"glmnew","LS",24,"2012/2013",-1.0270510071947,"iquitos","test","peakinc"
"glmnew","LS",24,"2012/2013",-2.79156083397538,"iquitos","test","seasoninc"
"glmnew","AE",24,"2012/2013",9,"iquitos","test","peakweek"
"glmnew","AE",24,"2012/2013",4,"iquitos","test","peakinc"
"glmnew","AE",24,"2012/2013",155.5,"iquitos","test","seasoninc"
"glmnew","LS",28,"2012/2013",-2.76124644563585,"iquitos","test","peakweek"
"glmnew","LS",28,"2012/2013",-1.06362329681804,"iquitos","test","peakinc"
"glmnew","LS",28,"2012/2013",-4.21064501791826,"iquitos","test","seasoninc"
"glmnew","AE",28,"2012/2013",9,"iquitos","test","peakweek"
"glmnew","AE",28,"2012/2013",7,"iquitos","test","peakinc"
"glmnew","AE",28,"2012/2013",185,"iquitos","test","seasoninc"
"glmnew","LS",32,"2012/2013",-0.584275725204125,"iquitos","test","peakweek"
"glmnew","LS",32,"2012/2013",-0.216734853017931,"iquitos","test","peakinc"
"glmnew","LS",32,"2012/2013",-1.79473123961721,"iquitos","test","seasoninc"
"glmnew","AE",32,"2012/2013",0,"iquitos","test","peakweek"
"glmnew","AE",32,"2012/2013",0,"iquitos","test","peakinc"
"glmnew","AE",32,"2012/2013",79,"iquitos","test","seasoninc"
"glmnew","LS",36,"2012/2013",-0.272587446229296,"iquitos","test","peakweek"
"glmnew","LS",36,"2012/2013",-0.0706899444441084,"iquitos","test","peakinc"
"glmnew","LS",36,"2012/2013",-1.79473123961721,"iquitos","test","seasoninc"
"glmnew","AE",36,"2012/2013",0,"iquitos","test","peakweek"
"glmnew","AE",36,"2012/2013",0,"iquitos","test","peakinc"
"glmnew","AE",36,"2012/2013",48.5,"iquitos","test","seasoninc"
"glmnew","LS",40,"2012/2013",-0.21852022495902,"iquitos","test","peakweek"
"glmnew","LS",40,"2012/2013",-0.0601301842291062,"iquitos","test","peakinc"
"glmnew","LS",40,"2012/2013",-0.250466970603068,"iquitos","test","seasoninc"
"glmnew","AE",40,"2012/2013",0,"iquitos","test","peakweek"
"glmnew","AE",40,"2012/2013",0,"iquitos","test","peakinc"
"glmnew","AE",40,"2012/2013",32,"iquitos","test","seasoninc"
"glmnew","LS",44,"2012/2013",-0.0516936146491017,"iquitos","test","peakweek"
"glmnew","LS",44,"2012/2013",-0.0099404397052508,"iquitos","test","peakinc"
"glmnew","LS",44,"2012/2013",-0.785297176023823,"iquitos","test","seasoninc"
"glmnew","AE",44,"2012/2013",0,"iquitos","test","peakweek"
"glmnew","AE",44,"2012/2013",0,"iquitos","test","peakinc"
"glmnew","AE",44,"2012/2013",3,"iquitos","test","seasoninc"
"glmnew","LS",48,"2012/2013",-0.0496936139824346,"iquitos","test","peakweek"
"glmnew","LS",48,"2012/2013",-0.0099404397052508,"iquitos","test","peakinc"
"glmnew","LS",48,"2012/2013",-0.0321635764899611,"iquitos","test","seasoninc"
"glmnew","AE",48,"2012/2013",0,"iquitos","test","peakweek"
"glmnew","AE",48,"2012/2013",0,"iquitos","test","peakinc"
"glmnew","AE",48,"2012/2013",10,"iquitos","test","seasoninc"
